,word
1,لَونی
2,لُونی
3,لَوَنی
4,بازار بَنانا
5,اَب
6,اَبْ
7,بَنْدی جان
8,بَھلے دِن
9,بُھن
10,بَھن
11,بِھن
12,ٹیسٹ اینٹری
13,اِحِْتشام دار
14,اِحِْتشام دار
15,پَن
16,پُن
17,پِن
18,بُھنّاس
19,بِھنّاس
20,بِھن بِھن
21,بَھن بَھن
22,اَڑّانا
23,اُڑانا
24,اَڑانا
25,بَھنڈ ہونا
26,اَثَر دینا
27,چَہْلا ہونا
28,بَھنڈا ر پَن
29,چَہْلا کَرْنا
30,نَر کَٹَیّا پُوت بَھگْتَیّا بات
31,نَر کَٹَیّا پُوت بَھگْتَیّا بات
32,چار
33,چِیب 
34,چِیپ دار
35,تِرَن کَر
36,تِرَن نِیب
37,اِجابَت کرنا
38,اِجابَت ہونا
39,اِجارَہ کَرنا
40,اِجارَہ لینا
41,بَد
42,بُد
43,بِد
44,بُد بَل
45,بُد پَن
46,بَدا
47,بَدّا
48,بِدا
49,بَدّا
50,بُدا
51,بَدا بَدی
52,باتَر
53,باتِر
54,تِرَن مانَس
55,بُد پَتی
56,بَدّا
57,بَھدْرا ہونا
58,بَھدَئی
59,باپ باپُت پُوت پِتا پَر گھوڑا بَہُت نَہیں تو تھوڑا تھوڑا
60,باپ باپَت پُوت پَراپَت گھوڑا گُچھ نَہیں تو تھوڑا تھوڑا
61,بُھو سیہْرا
62,بُھوِشْت
63,بات اُٹھانا
64,بات اُٹْھنا
65,بُھوک کے مارے آچار نِکَلْنا
66,بَد
67,بِد
68,بُد
69,بِد
70,بَد
71,بُد
72,بَھدرَک
73,بُھوشَک
74,بات اُلَٹْنا
75,بِھر
76,بھُر
77,بھَر
78,اِجتِماع کرنا
79,بات اَورپَر ڈھالْنا
80,بات آبَنْنا
81,بات آرَہْنا
82,بات آنا
83,بات آئی گَئی ہونا
84,بات بات
85,بات بات میں
86,بات بات میں موتی پِرونا
87,بات بالا رَکْھنا
88,بات بالا رَہْنا
89,بات باندھنا
90,بات بَٹْنا
91,بات بَدَلْنا
92,بات بَڑی ہونا
93,بات بَڑْھنا
94,بات بِگڑْنا
95,بات بِگَڑنا
96,بات بَنانا
97,بات بَن پَڑْنا
98,بات بَن نَہ آنا
99,بات بولْنا
100,بات بَہْلانا
101,آرْیَہ
102,بات بِیچ میں سے لینا
103,بات بھاری لَگْنا
104,بات بھی نَہ پُوچھنا
105,چِیپا کھانا
106,اِجارَہ دار
107,اِجارَہ لَگانا
108,بُد وَنْت
109,بِدا دینا 
110,بَدا بَدی
111,بُھجَنگا
112,بَھدیس بَھدیسا بَھدیسَ بَھدیسلا
113,بات اَٹَکْنا
114,بات اُٹھا رَکْھنا
115,بات اُٹھا نَہ رَکْھنا
116,بُھوک کی جھانج نِکَل جانا
117,بُھوک کی جھانجھ
118,بُھوک کُھلْنا
119,بھُوک کھینچنا
120,بُھوک گَئے بھوجَن مِلے جاڑا جات گَئے قَبائی جوبَن گَئے تُریا مِلے تِینوں دیِوبَہائی/ بَہائے
121,بات اُڑانا
122,بات اُڑْنا
123,بَھر ہاتھ
124,بات اُلَٹْنا
125,بات اُوپَراُوپَر جانا
126,بِھر ہونا
127,اُجَڈ پَنا 
128,اُجَڈ پَن
129,بات اُونچی ہونا
130,بات آنْ پَڑْنا
131,بات آپَڑْنا
132,بات آگے آنا
133,بات آنچل میں باندھنا
134,بُھر بُھرانا
135,بات بات پَر
136,بات بات پَہ 
137,بات بات میں چُھری کَٹاری
138,بات باقی رَہْنا
139,شُدَہ کَرْنا 
140,شُدَہ ہونا
141,بات بالا ہونا
142,بات بَتانا
143,بات بَدْلانا
144,بات بَڑِی رَہْنا
145,بات بَڑھانا
146,بات بِگاڑْنا
147,بات بَنا لینا
148,بات بَن آنا
149,بات بَنْنا
150,بات بول ہونا
151,بات بَہَکْنا
152,بات بے بات
153,بات بَیٹْھنا
154,بات بھار پڑنا
155,بات بھاری ہونا
156,بات پانا
157,بات پَتَّھر کی لَکِیر ہونا
158,آجڑا پَن پَنا
159,آنکھوں
160,آجالا ڈالنا
161,آجالی لینا
162,اَگَن گِیر
163,اَلَگ کَرنا
164,اَجّان 
165,اجان پَنا
166,اَجْلاف پَن
167,اَگّیان پَن
168,بات پَر بات کَہْنا
169,بات پَر بات یاد آنا
170,بات پَر بُھلانا
171,بات پَر ٹَھہَرْنا
172,کَرنا
173,بات پَر جانا
174,بات پَر جان دینا
175,بات پَر جَمْنا
176,بات پَر چَلْنا
177,بات پَر خاک پَڑْنا
178,بات پَر خاک ڈالْنا
179,بات پَر سَر دینا
180,بات پَر قائِم رَہْنا
181,بات پَر قِیام ہونا
182,بات پَر کان رَکْھنا
183,بات پَر کان دَھرْنا 
184,بات پَر کان لَگانا
185,بات پَر لَگْنا
186,بات پَرمِٹْنا
187,بات پَر مَرمِٹْنا
188,بات پَر مَرْنا
189,بات پَرائی ہونا
190,بات پَڑْنا
191,بات پَکانا
192,بات پَکَڑْنا
193,بات پَکْنا
194,بات پَکّی ہونا
195,بات پَلَٹْنا
196,بات پَلّے بَاندھْنا
197,بات پُوچْھنا
198,بات پُوچھے بات کا لَچَّھن پُوچھے
199,بات پُوچْھنا بات کی جَڑ پُوچْھنا
200,بات پُوری کَرْنا
201,بات پُوری ہونا
202,بات پَہ آنا
203,بات پَہُچنا
204,بات پیٹ میں ہَضْم کَرْنا
205,بات پی جانا
206,بات پی پِینا
207,بات پَیْدا کَرْنا
208,بات پَیْدا ہونا
209,اَباغ خانَہ
210,ٹوہ لگانا
211,آوَر 
212,اَور کے دانو اَنڈے بَچّے ہَمارے دانَوکُڑَک
213,اَلا بَلا لینا
214,اُصُول پَرَسْت
215,چِیکَٹ
216,بات پیش جانا
217,بات پُھٹْنا
218,بات پِھرانا
219,بات پُھوٹْنا
220,بات پھیرنا
221,بات پِھیکی پَڑْنا
222,بات پَھیلانا
223,بات پَھیلْنا
224,بات پھینکْنا
225,بات تاڑْنا
226,بات تَجْوِیز کَرْنا
227,بات تَراشْنا
228,بات تَک نَہ پُوچْھنا
229,بات تَک نَہ کَرْنا
230,بات توڑْنا
231,بات تولْنا
232,بات تو یہ ہے
233,بات تے جُدا ہونا
234,بات تِیر لَگْنا
235,بات تَھل کی نَہ بیڑے کی
236,مُسْتَعِد کَرْنا
237,بات ٹالْنا
238,بات ٹلْنا
239,بات ٹُوٹْنا
240,بات ٹھانْنا
241,بات ٹَھنْڈی پَڑْنا
242,بات ٹََھَنْنا
243,بات ٹَھہرانا
244,بات ٹَھَہرْنا
245,بات ٹھیلْنا
246,بات جا پَڑْنا
247,بات جانا
248,بات جَبْ ہَے
249,بات جَتانا
250,بات جَڑْنا
251,بات جَمانا
252,بات جَمْنا
253,بات جَنانا
254,بات جو چاہے اپْنی پانی مانگ نَہ پی
255,بات جوڑْنا
256,بات جُوں تُوں کی کَرْنا
257,بات جی سے گَڑْھنا
258,بات جی سے گَھڑْنا 
259,بات جی کو لَگْنا
260,بات جی میں بَیٹْھنا
261,بات جی میں پِھرْنا
262,بَھرائی
263,بات جی میں ڈالْنا
264,بات جی میں گَڑْنا
265,بات جی میں نَہ رَہْنا
266,بات جُھٹالْنا
267,بات جَھنڈے پَر چَڑھانا
268,بات جُھوٹی پَڑْنا
269,بات چَبا جانا
270,بات چَبا چَبا کَر کَرْنا
271,بات چَبا کَر کَہْنا
272,بات چَبانا
273,بات چِبِلّی ہے
274,بات چِپَک کے رَہ جانا
275,بات چِپَکْنا 
276,بات چُٹْکِیوں میں اْڑانا
277,بات چُرا کے کَہْنا
278,بات چَلانا
279,بات چَل پَڑْنا
280,بات چَلْنا
281,بات چَلْنے نَہ دینا
282,بات چَلی جانا
283,بات چَندرا کے کَرنا
284,بات چَندرا کے کَہنا 
285,چھوپا مارنا
286,بات چَندرانا
287,بات چِیت
288,بات چِیت کُھٹ ہونا
289,بات چِھڑْنا
290,بات چَھنْنا
291,بات چُھوٹنا
292,بات چھوٹی کرنا
293,رَکْھنا رَہْنا
294,رَکْھنا لَگانا
295,چیند چیندھ ہونا
296,بات چھیڑنا
297,بات چِھیلے رُکْھڑی کاٹْھ چِھیلے چِکنا
298,بات حَلْق سے نِیچے اُترنا
299,بات خالی جانا
300,بات خَتْم ہونا
301,اِسْتِقْرار حَق
302,اُلُّو بَنانا
303,اُلُّو بَنْنا
304,اُلُّو پَن پَنا
305,بات پَکّی کَرْنا
306,اُلُو
307,بات دینا
308,اُلُّوسِیدھا ہونا
309,بات رَکْھنا
310,بات رَکھ لینا
311,اُصُول لینا
312,اِسْتِنْقاع
313,اِسْتِوا کَرْنا
314,اپنی جَمانا
315,اپنی سی
316,پَرَسْت
317,اِسْٹار
318,لانا
319,خانَہ
320,دار داری
321,اِسْتیج کَرْنا
322,اِسْتیج ہونا
323,چُوا پَڑْنا
324,بَنانا
325,کَرْنا
326,ہونا
327,آنا پَٹ
328,آنا ہونا
329,اُسْرا
330,اَچُھوت پَن
331,چھاجا چھا جائِیل چھا جایِل 
332,چھاچْھیا چھاچْھیَہ کھار
333,اِسْتِخارَہ آنا
334,اَسْرار کَرْنا
335,اَسْفَل سافِلِین
336,اِسْفَنْجْ کَرْنا
337,اَبْدال
338,اِسْکات
339,اَبْر اُٹْھنا
340,اِسْکِرِپْٹ
341,اَبْر اُمَنڈنا
342,اِسْکَرْٹ
343,اُسْکُرُجہَّ
344,اَبْر ِ آذار
345,اِسکُرُو
346,اَبْر ِ آذاری
347,اِسکُرُو ڈِرائِیوَر
348,اِسْکِرِین
349,اَبْر ِ آذَری
350,اِسْکِرینِنْگ
351,اَچھوں اَچھوں
352,اِسْکْنَدْ
353,اَبْر آنا
354,چَوالیس
355,اَبْر ِ باراں
356,اِسْکَنْدَر
357,اَبْر بَرَسنا
358,اِسْکَنْدَری
359,اَبْر ِ بَہار
360,اِسْکُواڈْرَن
361,اَبْر ِ بَہاراں
362,اِسْکُواش
363,اَبْر ِ بَہاری
364,اِسْکُوائِر
365,اَبْر ِ بَہْمَن
366,اَظْہار
367,اِسْکوپ
368,اَچّھے
369,اِسْکُوْٹُر
370,اِسْکور
371,اَبْر ِ بَہْمَنی
372,اَبْر پَھٹنا
373,اِسْکُوْل
374,اِسْکولَر
375,اَبْر ِ تَر
376,اِسْکُولی
377,اِسْکوِئر
378,اَبْر ِ تُنُک
379,اِسکوائشِ
380,اِسْکیٹِنْگ
381,اَبْر ِ تِیْرَہ
382,اِسْکیچ
383,اَبْر ِ تیْغ
384,اَبْر ِ جوشاں
385,اَظْہاری
386,اَبْر چھانا
387,اِسْکیل
388,اَظْہارِیَہ
389,اَبْر چَھٹنا
390,اَبْر ِ دریا بار
391,اَبْر ِ رَبِیْع
392,اَبْر ِ رَحْمَت
393,اَبْر ِ رَواں
394,اِحْتِرازی
395,اَعادَہ
396,اَعادَہ ءِ مَعْدُوم
397,احْتِراقی
398,اَعادی
399,اِعارَہ
400,اَعاصِر
401,اَعاظِم
402,اَعالی
403,اِعانَت
404,اِعانَت بَمَشْوَرَہ
405,اِعانَہ
406,اَعْبا
407,اِحْتِشامی
408,اِعْتاق
409,اِعْتاق نامَہ
410,اِعْتِبار
411,رَکْھنا کَرْنا
412,اِحْتِیاج مَنْد
413,اِعْتِبار اُٹْھنا
414,اِعْتِبار آنا
415,اِعْتِبار پَکَڑْنا 
416,اِعْتِبار پانا
417,اِعْتِبار جانا
418,اِعْتِبار جَمانا
419,اِعْتِبار جَمْنا
420,اِعْتِبار سے گِرْنا
421,اِعْتِبار کھونا
422,اَحْجار
423,اَحَد
424,اَحَد الْمُتَخاصِمَیْن
425,اَحَدی
426,اَنوکھی جُرْوا ساگ میں شُرْوا
427,اَحَدِیَّت
428,اِنْوی ٹیشَن َ 
429,اُنْمْ 
430,چھانے کا پُھونس
431,چھاؤنی
432,چھاؤنی چھانا
433,چھاؤنی ڈالْنا
434,چھاؤنی کَرْنا
435,اَنی انی
436,اُتّار
437,اِبْن
438,اَنِیت َ انَِیت
439,ابن ِ مَرْیَم
440,ابن ُ مُقَنَّع
441,ابن ِ مُلْجِم
442,اِینٹ کا گَھر مَٹّی کا دَر
443,اِینٹ کا گَھر مَٹّی کا کَرْدینا
444,اِینٹ کی عَیَنک لَگانا
445,اُتارے پِھرنا
446,اِینٹ کی دینی پَتَّھر کی لینی 
447,اِینٹ کی لینی پَتَّھر کی دینی
448,اِینٹ کَھر
449,اِینٹ کھویا
450,اَملاک
451,اِینٹ کھینْچْنا
452,اُبْنا
453,اَبْنا
454,اِینٹ گَلانا
455,اِینٹ منْدی کَرْنا
456,اِینْٹا
457,اِینْٹا کھویا
458,اَینْٹْنا 
459,اِینْٹوں نال پَکوَڑی
460,اَینْٹی 
461,اَینْٹی اِیَر کِرافْٹ
462,اَینْٹی کُوْارِین
463,اِینْٹی چِینْٹی
464,اِینْٹی چِینْٹی چَھپر چھائِیں
465,اَینْٹیِنا
466,اینْٹیں دَبْنا روڑے اُچَھلْنا
467,اَینْٹھ
468,اَینْٹھا
469,آزاری
470,اَینْٹھا سِنْگھ
471,آزَر
472,اینٹھانا
473,آَینْٹھَن
474,اُملی
475,اَملْی
476,اِملْی
477,اَ مَمْ
478,اَیْنٹْھنا
479,اَینْٹھنی
480,اِیْنْچا تانا
481,اِیْنْچا تانا تانی
482,آزُرْدَن دِلِ دوستاں جَہْلَ اسْت وكفّارۂ یَمِین سَہْل
483,اِیْنْچا تانا دابی حَوض
484,اِیْنْچا تانا کھینْچی
485,اینْچ کھینْچ
486,اینْچْنا
487,اینْچَن چھوڑ گَھسیَٹن میں پَڑْنا 
488,اینْچَن چھوڑ گَھسیَٹن میں پَھنْسْنا
489,اینچی
490,اِینْدَر
491,اَبُو الْقاسِم
492,آزْما
493,اینْدْری
494,اینْدْرین
495,ایِنْدَھن
496,اِینْدَھور
497,اَینْڈ
498,اَبْر ِ سِپر
499,اَرْضْہ
500,اَبْر ِ سِیَہ 
501,اَبْر ِ سِیاہ 
502,اَبْر ِ عالَمْگِیر
503,اَبْر ِ غَلِیظ
504,اَبْر ِ قِبْلَہ
505,اُتْپنَ
506,اَبْر ِ کَرَم
507,آگ 
508,آگا
509,اَبْر کو دیکھ کر گھڑے پھوڑنا
510,اِعْتِبارات
511,اِعْتِبارات اِربعہ
512,جانا
513,آومی
514,اِعْتِبارَن
515,اَبْر کُہْساری 
516,اَبْر ِ کوہْسار
517,اَبْر کُھلنا
518,اَبْر ِ گَنْدَہ بَہار
519,اِعْتِباری
520,اِعْتِباری
521,اِعْتِدا
522,اَعْتِداد
523,اَبْر گَوہَر بار
524,اَلاے بَلاے
525,اَرْضی
526,اَبْر گِھرنا
527,اَتِْحادی
528,اَبْر ِ مُرْدَہ
529,اَلْبان
530,اَبْر ِ مِسی
531,اَبْر ِ مَطِیر
532,اِعْتِدال
533,اِعْتِدال پَر آنا
534,اَبْر ِ نَوبَہاری
535,اَبْر ِ نَو بَہار 
536,اِعْتِدال پَسَنْد
537,اِعْتِدال حَرَکَتِ عَین
538,اَبْر ِ نَیْساں
539,اُتَّر جاو کہ دَکَّھن وہی کَرْم کے لَچَّھن
540,اُتَّر جاو کہ دَکَّھن وہی کَرْم کے لَکَّھن 
541,پری
542,اِبْر
543,اَبْر
544,اَبَر
545,اَمونیائی
546,اُ مَؐہات
547,اَبْرا
548,اِبْرا
549,اَرضِیات 
550,اَرضِیّات
551,اِبْرا
552,اَبْرا
553,اِبْرا نامَہ
554,اُتَّرا پَد
555,اَبْرار
556,اِبْراز
557,اَتْراک
558,اَبْرازات
559,اُبْرا سُبْرا
560,اُبْرا کر رکھنا
561,اَبْرام
562,اِبْرام
563,اِبْرام
564,اَبْرام
565,اُبْرانا
566,اِبْراہِیم
567,اِبْراہِیم اَدْہَم
568,اُون
569,اَلِپْت اَلِپْت
570,اِعْتِدال ِ خَرِیفی
571,اِعْتِدال ِ خَرِیف
572,اِعْتِدال رَبِیعی
573,اِعْتِدال رَبیِع
574,اِعْتِدال لَیل و نَہار
575,اِعْتِدالی
576,اِعْتِدالَین
577,اِعْتِزار
578,اِعْتِراض
579,اِعْتِراض اُٹھالینا
580,اُوں 
581,اِعْتِراض اُٹھانا
582,اِعْتِراض اُٹْھنا
583,اِعْتِراض ٹھونکنا
584,اِعْتِراض جَڑْنا
585,اوَن
586,اِعْتِراض جَمانا
587,جھاڑْنا
588,جھاڑْنا نِکالْنا
589,او او
590,اِعْتِراضی
591,او اوا 
592,اِعْتِراضِیَہ 
593,اِعْتِراضِیَّہ
594,اِعْتِراف
595,اِعْتِراف لانا 
596,اِعْتِزاز
597,آرے 
598,اُرْیا
599,اَرْیا پَریا
600,اُرْیاں
601,اَرْیا پَریا
602,اُرْیاں 
603,اُرْیاں
604,اَرِیب
605,اُریب
606,اُریب
607,اَحْثا 
608,اَحْقَر
609,اِبْراہِیمی
610,اَحْکام
611,اِحْکام
612,چَھپَک
613,چَھپَّک چَھیَّا
614,چَوالیْسواں
615,چَواں
616,چُواں
617,چُواں کھائی
618,بَفیا
619,چِوانا
620,بْق
621,چُوانا
622,آگے لَعَّا نَہ پِیچھے پَتّا
623,بَقا
624,اُونٹ کی کوئی کَل سیدھی نہیں
625,اٹھ جانا 
626,اٹھ جانا اُٹھ جانا
627,اٹھ جانا باندْھنا
628,اٹھ جانا بر آنا
629,اٹھ جانا 
630,بَر لانا
631,اَبِیْری
632,اَبْیَض
633,ال جاؤل بل جاؤں جلوے کے وقت ٹل جاؤں
634,اَبْیَض نُو رانی
635,التزام 
636,ارم
637,اَرْما 
638,اَبھاگ
639,اِلْتِفاقی
640,اَرضِیاتی 
641,اَرْضِیاَتی
642,اُرماد
643,اَرْمال
644,اُبَھر
645,اَلَچْھی
646,اِلْتِیام
647,بالاکَرنا
648,بالاکَرنا 
649,بالا مَنانا
650,اِلْتِیام پر آنا
651,بالاکَرنا 
652,بالا ہونا
653,بالاکَرنا 
654,اِلْحانی
655,بَھرَن
656,اِدَھر
657,اَدَھر
658,اُدَھر
659,اُدَھر اُدھر کا
660,بَھْرنا
661,اُدَھر کی اُدَھر کَرْنا
662,اَرمال
663,اِلْزام دینا
664,اَبُھو
665,اَرمان
666,اَبُھوکْتا
667,اَبُھوکَن
668,اَبھوگ
669,اَبھوگ پَرَن
670,اَبھوگی
671,اَبھول
672,اُدَھر
673,اِدَھر
674,اَدَھر
675,اَبھولا
676,اَبُھوں
677,اُوپری دِل سے
678,اُریب 
679,اُریب دار
680,اُریب سُریب
681,اُریْبْواں 
682,اُریبی
683,اُرَبری
684,اَن جانْتا
685,اَرِیْکَہ
686,اَن جانْگی
687,ربْنڈی
688,اَینْڈ پڑنا
689,اَینْڈ مال ہے
690,اَینْڈ دیکْھنا
691,اَرْبَوی
692,اَینْڈ کَرْنا
693,اَینڈا
694,اَن جانی
695,اَڑ
696,اُڑ
697,اِڑ
698,اَبھی
699,اَن جَنْتا
700,اَینڈا بیَنْڈا
701,اَینْڈا
702,اَبھی اَبھی
703,اَینْڈا 
704,اَبھی پانی کے گَھڑے بَھرنے ہیں
705,اَن چَاہت
706,اَینْڈَل پَنا
707,اَینْڈَل پَن 
708,اَبھی تَلَک
709,اَبھی تَک 
710,اَن چِتّا
711,اَن چِت
712,اَبھی تو بیٹی باپ ہی کے گھر ہے
713,اَن چِھلا
714,اَبھی تولَہ اَبھی ماشَہ
715,اَبھی چَھٹی کا دُودھ نہیں سُوکھا
716,اَن چِھلی ٹھوک دینا
717,اَبھی دلّی دُور ہے
718,اَبھی دُودھ کے دانت نہیں ٹُوٹے
719,اَن چھیڑ
720,اَڑ بال
721,اَینْڈْنا
722,اینْڈْوا
723,اَبھی دیکھا کیْا ہے
724,اَبھی رو رو کے روٹی مانگتا ہے
725,اینْڈْوی
726,اَڑ بَڑ 
727,اینْڈْوی کا کَنگَن
728,اَڑ ـ بَڑنْگ
729,اَینْڈی
730,اَلْسیٹ اَلْسیٹھ باز
731,اَن دیکھا
732,اَڑ بَند
733,اَبھی سے
734,اَلْسیٹْیا اَلْسیٹْھیا
735,اَن دیکھی
736,اَڑ بَنْگا
737,اَینْڈی بَینْڈی
738,اَبھی کَچّا بَرْتَن ہے
739,اَینْڈی بَینْڈی پَڑْنا
740,اَڑ بَنگا
741,اَبھی کَچّے گَھڑے پانی کے بَھرنے ہیں
742,اَن دیوا
743,اِینْڈھی
744,اَبھی کُچھ نہیں بِگڑا ہے
745,اینَک
746,اَن دَھری
747,اَڑ بَیٹْھنا
748,ایِنْگ
749,اوڑْنا
750,اَن سَمَجھ
751,اَبھی کَفَن بھی مَیلا نہیں ہوا
752,اِینْگَر
753,اَڑ 
754,اِڑ
755,اُڑ
756,اِینْگْرَوتی
757,اَڑ پَکَڑنا
758,اَن سَمْجھی
759,اَڑ دینا
760,اَڑ ڈَنْڈا
761,اَن سَمْجھے
762,اَڑ ذات
763,اَینْگْلو
764,اَڑ رَہْنا
765,اَینْگْلو اِنْڈیَن
766,اُوڑْنا 
767,اَڑ رَھبا 
768,اِینْگَور
769,اَڑ ضامِنی
770,اَن سُنی
771,اِینْگْھنا
772,اَڑ کَسْب
773,اَڑ ماپ
774,اِینْگھے
775,اَڑ مان
776,اِینو 
777,اوڑَنْ پِچھوّرا
778,اُڑ
779,اَڑ
780,اِڑ
781,اُڑ بھاگْنا
782,اَن سُنی کرنا
783,آَینْوَرْسَری
784,اُوڑَنْتا کَھٹولا
785,اَینی
786,اوڑْنی
787,اَن سوچ
788,اوڑْوالا
789,اَن سِیکھا
790,اُوڑی
791,اَن کَرا
792,اُڑ بَھنْبِھیْری ساون آیا
793,اُڑ پَہْیا
794,اُڑ جاۓ
795,اُڑ چَلْنا
796,اَن کہَا
797,اَفْسوں
798,اَن کَہنی
799,اُڑ کَرْ کے
800,اُڑ کَرْ لَگْنا
801,اَن کَہی
802,اَن کِیا
803,اُڑ کَرْ لینا
804,اَن گَڑْھ
805,اُڑ کَرْ مِلْنا
806,اوڑْھنا
807,اَن گِنا
808,اُڑ کَرْ مُنْھ میں دانَہ نَہ جانا
809,اَن گنِا بَرَس سال
810,اُڑ لَگْنا 
811,اَن گِنا مَہِینا
812,اُڑ لَگْنا
813,اُڑ لَگْنی
814,اُڑ ناگَن ناگْنی
815,اَفْسوں گَر
816,اَن گِنَت
817,الْحاکِمِین
818,اَحْمَد
819,اَحْمَدی
820,ارْضِیّت
821,ارْضِیَت 
822,اَحْمَر
823,اَفْشار
824,اَحْمَق
825,اَفْشاں
826,اَفْشانی
827,اوت 
828,چٹکی
829,اَفْضَلِیَّت
830,اِفْطار
831,اِفْطارْنا
832,اِفْطاری
833,اُڑ اڑ 
834,اَڑا
835,اَڑا 
836,اَڑا بِھڑا
837,اَفْعال
838,اَری
839,اَری پَری اُڑا دینا
840,اَفْعال ِ اِضْطِراری
841,اَری تُری 
842,اَرے او 
843,اَرے واہ 
844,اَرے ہاں
845,اَرْواح بَھْرنا
846,اَلَف اَلِف لینا
847,اُپار
848,اَن ہونا
849,باچھیں کِھلْنا
850,ان پُورْنا داتا
851,اُن
852,باد ْ خانَہ
853,باد ْ خایَہ
854,باد ْ ْ خورا
855,باد ْ ْ خور
856,باد ْ دار
857,باد ْ دست
858,پارا
859,باد ْ رَفْتار
860,باد ْ رَنگ
861,باد ْ رِیَہ
862,باد ْ ْ زَدَگی
863,بَقْر عید
864,بَقَرَہ
865,بَقَری
866,بَقَرِیَّد
867,بَقْرِیَّہ
868,اِنْتِخاب قُدْرت
869,بُقْعَہ
870,بُقْعَہ ء صَفْراوی
871,بُقْعَہ ءِ ظْاْلمَت
872,بُقْعَہ ءِ عَمْیا
873,بَقْل
874,بَقْل بَطُورا
875,بَقْلاوَہ
876,بَقْلاوی
877,بَقْلَہ
878,بَقْلَہ ُالْحَمْقا
879,بُقُول
880,اَنْتَر 
881,اَنْتَر پَٹ
882,اَنْتَر
883,اَنْتَر دھان
884,اَنْتْرا
885,جَھڑ بَندْھنا
886,اَرَت اَرْت کَرْنا
887,اَرْدَلی اُتَرْنا
888,اِبْرَۃ
889,اِرْشاد ہونا
890,اُٹھنا آنا
891,اَرش پَرْش ہونا
892,اُرْدُو بازار
893,اُرْدُو پَن
894,پاو بَند 
895,پاو دان
896,پاو دینا
897,بُقُولات
898,بُقُولائی
899,بُقَّہ
900,بَقّیِات
901,بَقْیِہ
902,بَقْیِہ ُالسَّیف
903,بَک
904,بِک
905,بُک
906,بَک بّک
907,بَک جَھک جَھک
908,بک بَک کَرنا
909,بَک بَک لَگانا
910,بَک بَک لَگْْنا
911,بَک بَک مَچانا
912,بَک پَنا
913,بَک جَھک
914,بَک آسَن
915,بَک چال
916,بَک دھْیان
917,بک
918,بَک
919,بِک
920,بُک
921,بًک
922,بُک
923,بِک
924,بَک
925,بُک اسِٹْال
926,بائنڈر
927,بائنڈنگ
928,بُک سیلَر
929,بُک کِیپِنْگ
930,بُک کَرنا
931,بُک کَرانا
932,بُک پوسْٹ
933,بِْکا
934,بُکا
935,بَکّا
936,بًکّا
937,اَرْگَجا دان
938,چَڑھانا
939,اُرْمانا
940,اَرْز بازار
941,اِرْتِفاع دینا
942,اَرْزانی ہونا
943,بد
944,بِد
945,بُد
946,بَد
947,کَرامَت ہے
948,بَد نَفْس
949,بَد نُما
950,بَد نِہاد
951,بَد نِیَّت
952,بَد وَضْع
953,اَرْتلاَ کَرْنا
954,بَد ہَضْمی
955,بَد ہِمَّت
956,بَد ہَیئَت
957,بَد یَقین
958,بَد یُمْن
959,بد سَلا
960,بد سالا 
961,بَکار
962,بِکار
963,بَد
964,بِد
965,بُد
966,بَدا بُوتْری
967,بِدانا
968,بِدارْنا
969,بَدای کَندْ
970,بَداعَت
971,بُداغ
972,جُوتھ وار
973,بِداگی
974,بِداگی دینا
975,بَدام
976,بَدامی
977,بَداں
978,بُحے ہوتے الخ
979,بَدانا
980,جوِٹیا
981,بَداوا
982,بُحے ہوتے الخ ہوتے عِید بَقْرِید کے کام آتے
983,بَداوَت
984,بُحے ہوتے الخ ہی
985,بَداہَت
986,بِدْر
987,بَدر
988,بِدْر ساز
989,ایک ایک
990,بَدَرا
991,بَدْرا
992,بَدْرانا
993,ایک ایکا دیگرم
994,بُدُرْ بُدُر
995,بَدرَقا
996,بَدْرَقَہ
997,بَدرَقا بَدْرَقَہ ءِ حِساب
998,بَدْ رَوم جالی
999,بَد رَومی خانَم
1000,بُدَّر کرنا
1001,بَدْرِکا
1002,بَدْرِکا تِیرَتھ
1003,بَدْرَہ
1004,ایک
1005,بَدْری
1006,بَدْری کی ڈاک
1007,جہاں
1008,بَدْری میں چھید کَرنا
1009,بَدْری پَتْرَک
1010,بَدْری شیل
1011,بَدْری ناتھ
1012,بَکارا
1013,بِدْری
1014,بِکارا
1015,بَدَرْیا
1016,بَکارّت
1017,بَکارْنا
1018,بِکاس
1019,بکاسنا
1020,بِکال
1021,بَکام
1022,بکان
1023,بَکانا
1024,بِکانا
1025,بِکانا بِکانی
1026,بِکاو
1027,اَہْل کار
1028,بَکاوَل
1029,بَکاوَل بیگی
1030,بَکاوَلْنی
1031,ایک ذات
1032,بَکاَولی
1033,بَکاوُلی
1034,بَکاپنا 
1035,بَکِائن 
1036,بِکاؤُ
1037,ہ بُکائِیَّہ
1038,بُکائِیَہ 
1039,بَکْبّکا
1040,بَکْبَکانا
1041,بَکْبَکی 
1042,بِکْت
1043,ایک رَس
1044,بِکَت
1045,بَکْتَر
1046,بَکْتَر بَنْد
1047,بَکْتَر پوش
1048,بَکْتَر دوز
1049,بَکْتَری
1050,بِکَٹ
1051,بَکَٹ
1052,بَرْگ
1053,بِرَل بِرُل
1054,بَدْرِیَّت
1055,بِدَع
1056,بِدْعات
1057,پری دار
1058,بِدْعَت
1059,بِدْعَت آئِین
1060,بُرْمُوبی
1061,بِدْعَت سَیِّئہَ
1062,بِدْعَت مُباح
1063,بِدْعَت مُسْتَحَب
1064,بِدْعَت ِ واجِب
1065,بَرَن
1066,بِدْعَتی
1067,بِدْعَتِیانَہ
1068,بڑیاں 
1069,بِدْعَتِیَّہ
1070,بَدَق
1071,بڑیاں توڑنا
1072,بَدَک بِدَک
1073,بڑیاں 
1074,بِدْکانا
1075,بڑیرا
1076,بِدَکْنا
1077,بُدَکْنا
1078,بَدْکی
1079,بَدَل
1080,بَدَل بھار
1081,بِرِنْجی
1082,بَدَل پَذِیر
1083,بَدَل کَر کے
1084,بَدَل گَر
1085,بَدَّل
1086,بَدْلا
1087,بَدْلا اُتارْنا
1088,بَدْلا پھیڑْنا
1089,بَدْلا چُکانا
1090,بَدْلا دینا
1091,بَدْلا کاڑْنا
1092,بَدْلا کَرنا
1093,بَدْلا لینا
1094,بَدْلا لیناں
1095,بَدْلا نِکالنا
1096,بُدَلا
1097,بُدْلا
1098,بَدْلام
1099,پَڑھو تو پَڑھو نَہیں پِنْجْرا خالی کَرو
1100,بَدْلانا
1101,بَدْلاوْنا
1102,بَدْلائی
1103,بَدَلْنا
1104,بَدْلَوَّل
1105,بَدْلَہ
1106,بَدْلی
1107,بَدْلی آُٹْھنا
1108,بَدْلی آنا
1109,بَدْلی چھانا
1110,بَدْلی چَھٹنْا
1111,بَدْلی کی چھانْو
1112,بَدْلی کی دُھوپ
1113,بَدْلی کی دُھوپ جَب نِکْلے جَب تیز 
1114,بَدْلی کُھلْنا
1115,بَدْلی گِھرنا
1116,بَدْلی میں دِن نَہ دِیسے پُھوہَڑ بَیٹھی پِیسے
1117,بُدْلی
1118,بُدْلے
1119,بَدَلِیَّت
1120,بَدَلَین
1121,بَدَم
1122,بَدَن
1123,بَدَن اُبَھرنا
1124,بَدَن اُتَرنا
1125,بَدَن اُتُّو کَرنا
1126,بَدَن اَنْدَر سے پھوڑا ہونا
1127,بَدَن بِگَڑنا
1128,بَدَن بَننا
1129,بَدَن پاک کَرنا
1130,بَدَن پالْنا
1131,بَدَن پَر بوٹی چَڑْھنا
1132,بَدَن پَر بوٹی نَہِیں
1133,بَدَن پَر چِنْدیاں لَگْْنا
1134,بَدَن پر کانْٹے آنا
1135,بَدَن پَرنَہِیں لَتّہ پان کھائیں اَلْبَتَّہ
1136,بَدَن پوش
1137,بَدَن پَھْلنا
1138,بَدَن پُھوٹْنا پُھوٹْ نِکَلْنا
1139,بَدَن پھوڑْنا
1140,بَدَن پِھیکا ہونا
1141,بَدَن تانبا ہونا
1142,بَدَن تَخْتَہ ہونا
1143,بَدَن توڑْنا
1144,بَدَن ٹُرٹْنا
1145,بَدَن ٹَھنْڈا ہونا
1146,بَدَن جَلنا
1147,بَدَن جھاڑنا
1148,بَدَن جَھٹَکْنا
1149,بَدَن چُرانا
1150,بَدَن چُور ہونا
1151,بَدَن خُشْک ہونا
1152,بَدَن دِکھانا
1153,بَدَن دُہْرا ہونا
1154,بَدَن ڈالْنا
1155,بَدَن ڈھانْچا ہونا
1156,بَدَن ڈَھْکنا
1157,بَدَن ڈِھیلا کرنا
1158,بَدَن ڈِھیلا ہونا
1159,بَدَن زَرْد ہونا
1160,بَدَن زیب
1161,بَدَن سانچے میں ڈھالْنا
1162,بَدَن سانچے میں ڈَھلْنا
1163,بَدَن سَرْد ہونا
